Portfolio,Annualized Return,Annualized Volatility,Sharpe Ratio,Minimum Monthly Return,Maximum Monthly Return,Total Cumulative Return
Minimum Variance,0.07875194570997557,0.10807480359529487,0.7286799798857474,-0.07469915291397239,0.13672730680638168,1.3956355033756265
Value Weighted,0.08156343209871987,0.1567724004422423,0.520266525668013,-0.16760634465180382,0.13442886725722425,1.2918006638928738
